month,total_orders,total_customers,gross_sales,net_sales,profit,avg_order_value
2026-01,81,52,69709.96,65880.27,20409.98,813.3366666666667
2026-02,76,49,82988.66,78361.592,23490.862,1031.0735789473686
2026-03,93,53,66466.54000000001,63238.323000000004,19109.973,679.9819677419355
